,Home team name,Away team name,Outcome,Home score,Away score,Home rating,Away rating,Home odds,Draw odds,Away odds,Home xG,Away xG,Home possession,Away possession,Home lineups,Away lineups,Home Formation,Away formation
0,G.A. Eagles,Heerenveen,2,0,1,6.8,7.2,2.87,3.40,2.40,48%,52%,11,19,[],[],4 - 2 - 3 - 1,4 - 3 - 3
1,Waalwijk,AZ Alkmaar,1,1,0,7.7,7.7,5.50,4.00,1.61,28%,72%,7,19,[],[],4 - 3 - 3,4 - 3 - 3
2,Heracles,PSV,2,0,2,6.6,6.3,5.00,4.33,1.57,37%,63%,6,19,[],[],4 - 3 - 3,4 - 2 - 3 - 1
3,Sittard,Twente,1,2,1,6.2,7.1,2.87,3.50,2.37,49%,51%,6,13,[],[],4 - 3 - 3,4 - 2 - 3 - 1
4,Ajax,Nijmegen,1,5,0,6.6,9.3,1.07,11.00,23.00,73%,27%,25,7,[],[],4 - 2 - 3 - 1,4 - 2 - 3 - 1
5,Cambuur,Groningen,2,1,2,7.0,7.4,2.30,3.40,3.00,54%,46%,6,11,[],[],4 - 3 - 3,4 - 2 - 3 - 1
6,Zwolle,Vitesse,2,0,1,7.1,6.8,2.80,3.60,2.37,55%,45%,15,14,[],[],4 - 3 - 3,3 - 4 - 3
7,Utrecht,Sparta Rotterdam,1,4,0,6.6,7.2,1.50,4.33,6.50,47%,53%,22,7,[],[],4 - 3 - 3,4 - 2 - 3 - 1
8,Willem II,Feyenoord,2,0,4,6.3,6.3,5.50,4.00,1.57,31%,69%,6,21,[],[],4 - 3 - 3,4 - 3 - 3
9,Nijmegen,Zwolle,1,2,0,6.7,7.5,2.37,3.30,2.87,38%,62%,8,17,[],[],4 - 2 - 3 - 1,4 - 3 - 3
10,Heerenveen,Waalwijk,1,3,2,6.2,7.6,1.53,3.60,6.50,59%,41%,11,17,[],[],4 - 3 - 3,4 - 2 - 3 - 1
11,Sparta Rotterdam,Heracles,0,1,1,6.8,7.0,1.95,3.60,3.80,38%,62%,11,12,[],[],4 - 2 - 3 - 1,4 - 2 - 3 - 1
12,PSV,Cambuur,1,4,1,7.0,7.4,1.25,5.50,8.50,52%,48%,25,8,[],[],4 - 2 - 3 - 1,4 - 3 - 3
13,Groningen,Utrecht,0,0,0,6.6,6.8,3.40,3.60,2.05,54%,46%,14,5,[],[],4 - 2 - 3 - 1,4 - 2 - 3 - 1
14,Twente,Ajax,0,1,1,7.0,7.0,9.00,6.00,1.25,38%,62%,13,9,[],[],4 - 2 - 3 - 1,4 - 2 - 3 - 1
15,Feyenoord,G.A. Eagles,1,2,0,7.3,7.1,1.18,7.00,13.00,68%,32%,29,8,[],[],4 - 3 - 3,4 - 2 - 3 - 1
16,Vitesse,Willem II,2,0,3,5.5,6.1,1.75,3.75,4.50,60%,40%,17,13,[],[],3 - 5 - 2,4 - 3 - 3
17,Sittard,Waalwijk,0,2,2,6.6,6.6,1.70,3.50,4.33,50%,50%,11,15,[],[],4 - 3 - 3,4 - 3 - 3
18,Cambuur,Twente,1,2,0,7.2,7.4,2.45,3.50,2.80,62%,38%,23,10,[],[],4 - 1 - 4 - 1,4 - 2 - 3 - 1
19,PSV,Groningen,1,5,2,6.5,6.6,1.25,5.25,11.00,61%,39%,16,14,[],[],4 - 2 - 3 - 1,5 - 3 - 2
20,G.A. Eagles,Sparta Rotterdam,1,2,0,6.9,7.6,2.62,3.40,2.60,52%,48%,18,13,[],[],4 - 4 - 2,4 - 2 - 3 - 1
21,Willem II,Zwolle,1,1,0,7.4,7.0,1.80,3.75,4.20,45%,55%,16,11,[],[],4 - 3 - 3,4 - 3 - 3
22,Utrecht,Feyenoord,1,3,1,6.5,6.6,2.50,3.40,2.70,44%,56%,19,12,[],[],4 - 2 - 3 - 1,4 - 2 - 3 - 1
23,Heracles,Nijmegen,2,0,1,6.8,6.4,1.85,3.75,4.00,49%,51%,14,6,[],[],4 - 2 - 3 - 1,4 - 2 - 3 - 1
24,Ajax,Vitesse,1,5,0,6.9,9.1,1.14,8.00,15.00,72%,28%,29,7,[],[],4 - 2 - 3 - 1,3 - 5 - 2
25,Heerenveen,AZ Alkmaar,2,1,3,5.8,6.7,4.20,3.60,1.85,48%,52%,7,15,[],[],4 - 2 - 3 - 1,4 - 3 - 3
26,Twente,Utrecht,1,1,0,6.8,7.1,4.50,3.75,1.75,51%,49%,10,11,[],[],4 - 3 - 3,4 - 2 - 3 - 1
27,Zwolle,Ajax,2,0,2,6.7,6.2,11.00,8.50,1.16,36%,64%,9,17,[],[],4 - 3 - 3,4 - 2 - 3 - 1
28,Cambuur,G.A. Eagles,1,5,2,7.3,7.5,1.65,3.80,5.25,47%,53%,15,13,[],[],4 - 1 - 4 - 1,4 - 2 - 3 - 1
29,AZ Alkmaar,PSV,2,0,3,5.7,6.4,2.80,4.00,2.20,60%,40%,7,10,[],[],4 - 2 - 3 - 1,4 - 2 - 3 - 1
30,Nijmegen,Willem II,0,0,0,6.9,7.3,2.62,3.30,2.60,75%,25%,22,8,[],[],4 - 3 - 3,4 - 2 - 3 - 1
31,Sparta Rotterdam,Sittard,1,3,1,6.5,7.4,2.05,4.00,3.25,43%,57%,18,4,[],[],4 - 2 - 3 - 1,4 - 3 - 3
32,Groningen,Heerenveen,0,1,1,6.5,6.0,2.05,3.60,3.50,53%,47%,15,8,[],[],3 - 4 - 3,4 - 3 - 3
33,Waalwijk,Vitesse,2,1,2,5.8,6.2,3.10,3.60,2.15,48%,52%,9,9,[],[],4 - 2 - 3 - 1,3 - 5 - 2
34,Sparta Rotterdam,Nijmegen,0,1,1,6.9,6.7,1.90,3.40,3.75,46%,54%,15,11,[],[],4 - 2 - 3 - 1,4 - 3 - 3
35,Heerenveen,Sittard,1,1,0,7.6,7.1,1.70,3.75,4.75,48%,52%,17,13,[],[],4 - 2 - 3 - 1,4 - 3 - 3
36,Willem II,Groningen,1,2,1,6.8,7.2,2.10,3.40,3.40,48%,52%,7,14,[],[],4 - 3 - 3,3 - 4 - 3
37,Ajax,Cambuur,1,9,0,7.1,8.6,1.11,9.00,19.00,69%,31%,21,11,[],[],4 - 3 - 3,4 - 1 - 4 - 1
38,Utrecht,Waalwijk,0,2,2,7.1,7.2,1.28,5.00,12.00,58%,42%,19,13,[],[],4 - 2 - 3 - 1,5 - 3 - 2
39,G.A. Eagles,Zwolle,1,1,0,7.2,8.3,2.20,3.30,3.30,52%,48%,19,9,[],[],4 - 2 - 3 - 1,4 - 2 - 3 - 1
40,PSV,Feyenoord,2,0,4,5.0,6.2,1.65,4.00,5.00,59%,41%,15,10,[],[],4 - 2 - 3 - 1,4 - 2 - 3 - 1
41,Vitesse,Twente,2,1,4,5.6,4.6,1.72,3.75,4.75,60%,40%,17,12,[],[],3 - 4 - 3,4 - 3 - 3
42,Heracles,AZ Alkmaar,1,3,2,7.0,6.7,5.25,3.80,1.66,50%,50%,14,10,[],[],4 - 2 - 3 - 1,4 - 2 - 3 - 1
43,Sittard,Ajax,2,0,5,5.6,6.0,15.00,8.00,1.12,40%,60%,6,25,[],[],4 - 3 - 3,4 - 2 - 3 - 1
44,Waalwijk,Willem II,2,1,2,6.4,6.7,2.30,3.60,2.87,49%,51%,11,14,[],[],4 - 2 - 3 - 1,4 - 3 - 3
45,Nijmegen,Utrecht,2,0,3,5.5,6.1,4.33,3.60,1.83,58%,42%,12,12,[],[],4 - 3 - 3,4 - 2 - 3 - 1
46,G.A. Eagles,PSV,2,1,2,7.0,6.4,7.50,4.75,1.40,50%,50%,12,19,[],[],4 - 2 - 3 - 1,4 - 2 - 3 - 1
47,Groningen,Vitesse,2,0,1,6.5,6.3,2.15,3.40,2.90,38%,62%,8,13,[],[],5 - 4 - 1,3 - 4 - 3
48,Zwolle,Sparta Rotterdam,0,1,1,6.8,7.1,3.00,3.20,2.30,58%,42%,16,8,[],[],4 - 2 - 3 - 1,4 - 2 - 3 - 1
49,Feyenoord,Heerenveen,1,3,1,6.4,7.9,1.28,5.75,11.00,62%,38%,21,5,[],[],4 - 2 - 3 - 1,4 - 2 - 3 - 1
50,Cambuur,Heracles,1,2,1,7.0,6.8,2.25,3.50,2.75,50%,50%,10,17,[],[],4 - 1 - 4 - 1,4 - 2 - 3 - 1
51,Twente,AZ Alkmaar,1,3,1,7.1,6.5,3.40,3.60,1.95,42%,58%,11,11,[],[],4 - 3 - 3,4 - 2 - 3 - 1
52,Willem II,PSV,1,2,1,8.3,6.9,6.50,4.50,1.36,33%,67%,3,25,[],[],4 - 2 - 3 - 1,4 - 2 - 3 - 1
53,Vitesse,Sittard,0,1,1,6.1,7.5,1.44,4.20,7.00,70%,30%,22,2,[],[],3 - 4 - 3,4 - 3 - 1 - 2
54,Ajax,Groningen,1,3,0,7.0,8.2,1.05,11.00,21.00,73%,27%,23,5,[],[],4 - 2 - 3 - 1,3 - 4 - 3
55,Utrecht,Zwolle,1,5,1,6.6,7.4,1.30,4.75,8.00,44%,56%,22,8,[],[],4 - 2 - 3 - 1,4 - 2 - 3 - 1
56,Feyenoord,Nijmegen,1,5,3,5.7,6.9,1.20,6.50,12.00,73%,27%,19,8,[],[],4 - 2 - 3 - 1,5 - 3 - 2
57,Sparta Rotterdam,Cambuur,2,0,4,5.2,5.9,1.75,3.75,4.00,52%,48%,9,9,[],[],4 - 2 - 3 - 1,4 - 1 - 4 - 1
58,Heerenveen,Twente,2,2,3,6.1,5.3,2.25,3.40,2.80,48%,52%,12,13,[],[],4 - 2 - 3 - 1,4 - 3 - 3
59,AZ Alkmaar,G.A. Eagles,1,5,0,6.6,9.0,1.30,4.75,10.00,43%,57%,17,6,[],[],4 - 2 - 3 - 1,4 - 2 - 3 - 1
60,Heracles,Waalwijk,1,1,0,6.5,7.1,1.57,4.00,5.25,55%,45%,22,5,[],[],4 - 2 - 3 - 1,4 - 2 - 3 - 1
61,Groningen,Twente,0,1,1,6.7,7.4,2.60,3.40,2.70,40%,60%,8,11,[],[],4 - 2 - 3 - 1,4 - 3 - 3
62,Waalwijk,G.A. Eagles,0,1,1,6.9,7.3,2.20,3.50,3.20,55%,45%,16,13,[],[],4 - 2 - 3 - 1,4 - 2 - 3 - 1
63,Zwolle,Heerenveen,2,0,1,6.0,6.8,2.40,3.40,2.87,48%,52%,16,9,[],[],4 - 2 - 3 - 1,4 - 3 - 3
64,Heracles,Willem II,1,3,2,6.3,6.8,1.75,4.00,4.33,52%,48%,17,13,[],[],4 - 2 - 3 - 1,4 - 3 - 3
65,Sittard,Nijmegen,2,1,3,5.5,5.9,2.62,3.50,2.60,60%,40%,11,10,[],[],3 - 4 - 1 - 2,3 - 4 - 3
66,Cambuur,AZ Alkmaar,2,1,3,5.8,6.7,4.20,4.20,1.70,52%,48%,14,10,[],[],4 - 1 - 4 - 1,4 - 3 - 3
67,Ajax,Utrecht,2,0,1,6.7,7.0,1.25,6.50,10.00,69%,31%,20,8,[],[],4 - 2 - 3 - 1,4 - 2 - 3 - 1
68,Vitesse,Feyenoord,1,2,1,6.9,7.6,4.00,3.75,1.85,47%,53%,14,19,[],[],5 - 3 - 2,4 - 2 - 3 - 1
69,PSV,Sparta Rotterdam,1,2,1,6.5,7.6,1.20,6.50,13.00,76%,24%,26,5,[],[],4 - 2 - 3 - 1,5 - 4 - 1
70,Feyenoord,Waalwijk,0,2,2,6.5,6.8,1.16,7.50,15.00,60%,40%,27,5,[],[],4 - 2 - 3 - 1,5 - 3 - 2
71,Heerenveen,Ajax,2,0,2,5.9,6.1,11.00,5.50,1.20,36%,64%,14,15,[],[],4 - 4 - 2,4 - 2 - 3 - 1
72,G.A. Eagles,Heracles,1,4,2,6.0,7.2,2.87,3.50,2.20,44%,56%,12,22,[],[],4 - 4 - 2,4 - 2 - 3 - 1
73,Sittard,Cambuur,1,1,0,7.3,6.6,2.70,3.40,2.40,46%,54%,9,8,[],[],4 - 4 - 2,4 - 1 - 4 - 1
74,PSV,Zwolle,1,3,1,6.2,7.3,1.11,9.00,15.00,69%,31%,29,6,[],[],4 - 2 - 3 - 1,4 - 2 - 3 - 1
75,AZ Alkmaar,Utrecht,1,5,1,7.0,6.9,1.95,3.80,3.60,51%,49%,10,8,[],[],4 - 3 - 3,4 - 2 - 3 - 1
76,Sparta Rotterdam,Groningen,0,1,1,6.4,6.6,2.30,3.20,2.80,49%,51%,17,7,[],[],4 - 2 - 3 - 1,3 - 4 - 2 - 1
77,Nijmegen,Vitesse,2,0,1,7.0,6.9,2.90,3.20,2.30,55%,45%,9,15,[],[],3 - 4 - 3,3 - 4 - 3
78,Twente,Willem II,0,1,1,6.6,7.5,1.70,4.00,5.25,56%,44%,6,7,[],[],4 - 3 - 3,4 - 2 - 3 - 1
79,Willem II,Sittard,0,1,1,7.4,7.7,1.85,4.00,3.80,61%,39%,21,11,[],[],4 - 2 - 3 - 1,4 - 2 - 3 - 1
80,Utrecht,Heerenveen,1,2,1,7.6,6.4,1.36,5.00,8.00,43%,57%,16,12,[],[],4 - 2 - 3 - 1,4 - 2 - 3 - 1
81,Zwolle,Heracles,1,1,0,7.3,7.3,2.90,3.30,2.37,51%,49%,10,10,[],[],4 - 3 - 3,4 - 2 - 3 - 1
82,Waalwijk,Sparta Rotterdam,1,1,0,7.3,7.4,2.60,3.50,2.55,51%,49%,10,9,[],[],3 - 4 - 2 - 1,3 - 4 - 3
83,Twente,Nijmegen,2,1,2,6.3,6.5,1.61,4.00,5.00,58%,42%,20,6,[],[],4 - 2 - 3 - 1,4 - 2 - 3 - 1
84,Vitesse,G.A. Eagles,2,1,2,6.0,6.8,1.66,4.00,5.00,54%,46%,11,10,[],[],3 - 5 - 2,4 - 2 - 3 - 1
85,Cambuur,Feyenoord,2,2,3,5.6,6.6,6.50,4.20,1.57,39%,61%,8,20,[],[],4 - 1 - 4 - 1,4 - 2 - 3 - 1
86,Ajax,PSV,1,5,0,7.8,7.5,1.36,5.00,7.50,58%,42%,16,10,[],[],4 - 2 - 3 - 1,4 - 4 - 2
87,Groningen,AZ Alkmaar,1,2,0,9.0,7.0,4.20,3.60,1.75,35%,65%,8,21,[],[],3 - 4 - 3,4 - 2 - 3 - 1
88,PSV,Twente,1,5,2,6.4,7.6,1.36,4.75,7.50,53%,47%,20,7,[],[],4 - 3 - 3,4 - 2 - 3 - 1
89,Heracles,Ajax,0,0,0,8.1,6.7,10.00,6.50,1.22,30%,70%,7,18,[],[],4 - 2 - 3 - 1,4 - 2 - 3 - 1
90,Heerenveen,Vitesse,2,1,2,7.3,7.6,2.62,3.50,2.62,32%,68%,6,26,[],[],4 - 2 - 3 - 1,3 - 4 - 2 - 1
91,AZ Alkmaar,Zwolle,1,3,2,6.6,7.0,1.25,6.50,12.00,57%,43%,17,7,[],[],4 - 2 - 3 - 1,4 - 3 - 3
92,Sparta Rotterdam,Feyenoord,2,0,1,7.1,6.5,5.30,4.50,1.55,34%,66%,6,15,[],[],4 - 1 - 2 - 1 - 2,4 - 3 - 3
93,Nijmegen,Groningen,1,3,0,6.7,6.9,2.55,3.25,2.85,54%,46%,18,11,[],[],4 - 3 - 3,3 - 4 - 2 - 1
94,Waalwijk,Cambuur,2,0,1,7.2,6.2,2.50,3.55,2.70,51%,49%,20,14,[],[],3 - 4 - 2 - 1,4 - 1 - 4 - 1
95,Utrecht,Willem II,1,5,1,6.9,7.0,1.40,4.70,8.00,55%,45%,19,9,[],[],4 - 2 - 3 - 1,4 - 2 - 3 - 1
96,G.A. Eagles,Sittard,1,4,3,6.2,7.4,1.88,3.60,4.20,67%,33%,23,11,[],[],4 - 2 - 3 - 1,4 - 4 - 2
97,Twente,Heracles,1,1,0,7.0,7.5,2.20,3.45,3.25,45%,55%,15,10,[],[],4 - 3 - 3,4 - 2 - 3 - 1
98,Nijmegen,Heerenveen,0,1,1,7.4,7.3,2.32,3.40,3.10,49%,51%,17,19,[],[],4 - 3 - 3,4 - 3 - 3
99,Willem II,Sparta Rotterdam,2,0,3,5.8,6.5,2.35,3.30,3.10,56%,44%,8,10,[],[],4 - 2 - 3 - 1,4 - 3 - 1 - 2
100,Zwolle,Cambuur,2,1,2,6.1,7.0,2.23,3.50,3.20,51%,49%,14,13,[],[],4 - 3 - 3,4 - 3 - 3
101,Groningen,Waalwijk,0,1,1,6.4,7.0,1.75,3.75,4.60,64%,36%,15,6,[],[],4 - 1 - 2 - 1 - 2,3 - 4 - 2 - 1
102,Sittard,PSV,2,1,4,6.4,5.9,9.00,5.30,1.33,43%,57%,8,21,[],[],4 - 4 - 2,4 - 4 - 2
103,Vitesse,Utrecht,1,2,1,6.1,6.9,2.80,3.55,2.40,49%,51%,19,6,[],[],3 - 4 - 3,4 - 2 - 3 - 1
104,Feyenoord,AZ Alkmaar,1,1,0,7.5,6.9,1.88,3.90,3.75,52%,48%,20,9,[],[],4 - 2 - 3 - 1,4 - 3 - 3
105,Ajax,G.A. Eagles,0,0,0,7.0,7.4,1.05,14.00,36.00,76%,24%,29,2,[],[],4 - 2 - 3 - 1,5 - 3 - 2
106,PSV,Vitesse,1,2,0,8.0,7.9,1.45,4.75,6.50,55%,45%,8,14,[],[],4 - 2 - 3 - 1,3 - 4 - 2 - 1
107,Sparta Rotterdam,Twente,2,0,1,6.4,6.4,2.75,3.25,2.62,36%,64%,11,6,[],[],4 - 4 - 2,4 - 3 - 3
108,AZ Alkmaar,Nijmegen,0,1,1,6.4,7.2,1.33,5.00,9.00,70%,30%,22,7,[],[],4 - 2 - 3 - 1,4 - 1 - 4 - 1
109,Heracles,Sittard,1,3,1,6.2,7.2,1.66,3.80,5.25,51%,49%,19,14,[],[],4 - 2 - 3 - 1,4 - 2 - 3 - 1
110,G.A. Eagles,Groningen,2,0,1,8.3,6.7,2.40,3.30,3.00,37%,63%,6,19,[],[],4 - 2 - 3 - 1,4 - 3 - 1 - 2
111,Heerenveen,Willem II,1,2,1,7.2,8.3,1.85,3.75,4.00,29%,71%,9,17,[],[],4 - 1 - 4 - 1,4 - 2 - 3 - 1
112,Feyenoord,Zwolle,1,4,0,7.5,7.2,1.18,7.50,13.00,64%,36%,18,5,[],[],4 - 2 - 3 - 1,3 - 5 - 2
113,Waalwijk,Ajax,2,0,5,6.3,5.4,21.00,11.00,1.09,32%,68%,9,22,[],[],5 - 4 - 1,4 - 2 - 3 - 1
114,Cambuur,Utrecht,1,2,1,7.4,7.6,3.30,3.80,2.05,53%,47%,10,15,[],[],4 - 1 - 4 - 1,4 - 2 - 3 - 1
115,Nijmegen,Cambuur,2,2,3,6.4,6.7,2.45,3.40,2.80,52%,48%,20,15,[],[],4 - 2 - 3 - 1,4 - 1 - 4 - 1
116,Sittard,Groningen,2,1,4,5.7,5.6,2.75,3.40,2.60,40%,60%,11,14,[],[],4 - 2 - 3 - 1,4 - 2 - 3 - 1
117,Zwolle,Waalwijk,0,0,0,7.2,7.6,2.15,3.40,3.40,53%,47%,9,5,[],[],3 - 4 - 3,3 - 4 - 1 - 2
118,Willem II,G.A. Eagles,2,0,1,6.3,6.6,2.00,3.60,3.75,61%,39%,19,6,[],[],4 - 2 - 3 - 1,4 - 2 - 3 - 1
119,Sparta Rotterdam,Ajax,2,0,1,6.7,6.7,15.00,7.50,1.16,28%,72%,1,15,[],[],5 - 4 - 1,4 - 2 - 3 - 1
120,Utrecht,Heracles,1,1,0,6.1,7.3,1.70,4.00,4.50,52%,48%,22,8,[],[],4 - 2 - 3 - 1,4 - 2 - 3 - 1
121,Twente,Feyenoord,0,0,0,8.1,6.4,4.33,3.80,1.75,47%,53%,3,19,[],[],4 - 3 - 3,4 - 2 - 3 - 1
122,Heerenveen,PSV,0,1,1,6.6,6.9,6.50,4.75,1.44,38%,62%,8,13,[],[],4 - 1 - 4 - 1,4 - 2 - 3 - 1
123,Vitesse,AZ Alkmaar,0,0,0,6.6,6.9,2.87,3.60,2.30,44%,56%,16,13,[],[],5 - 3 - 2,3 - 4 - 1 - 2
124,Feyenoord,Heracles,1,2,1,6.4,7.0,1.28,5.50,10.00,60%,40%,22,4,[],[],4 - 2 - 3 - 1,4 - 2 - 3 - 1
125,AZ Alkmaar,Sittard,1,2,1,6.4,6.8,1.20,6.50,13.00,57%,43%,19,7,[],[],4 - 2 - 3 - 1,4 - 3 - 3
126,Ajax,Willem II,1,5,0,6.5,7.8,1.05,15.00,29.00,74%,26%,21,3,[],[],4 - 3 - 3,4 - 2 - 3 - 1
127,Groningen,Zwolle,0,1,1,6.9,7.2,1.85,3.50,4.50,54%,46%,8,12,[],[],4 - 2 - 3 - 1,3 - 4 - 1 - 2
128,PSV,Utrecht,1,4,1,6.1,7.4,1.55,4.33,5.75,54%,46%,11,10,[],[],4 - 2 - 3 - 1,4 - 2 - 3 - 1
129,Cambuur,Vitesse,2,1,6,4.8,5.7,3.50,3.75,2.00,48%,52%,7,23,[],[],4 - 3 - 3,5 - 3 - 2
130,Heracles,Heerenveen,2,0,1,6.3,6.8,2.30,3.50,3.00,47%,53%,12,10,[],[],4 - 4 - 2,4 - 2 - 3 - 1
131,Waalwijk,Nijmegen,1,2,1,6.4,7.5,2.87,3.40,2.40,57%,43%,15,11,[],[],3 - 4 - 1 - 2,4 - 2 - 3 - 1
132,G.A. Eagles,Twente,2,1,2,5.5,6.2,3.10,3.40,2.25,38%,62%,12,11,[],[],4 - 2 - 3 - 1,4 - 3 - 3
133,AZ Alkmaar,Sparta Rotterdam,1,3,1,6.9,6.8,1.44,4.75,7.00,59%,41%,10,8,[],[],4 - 3 - 3,4 - 4 - 2
134,Feyenoord,Sittard,1,5,0,7.7,7.4,1.14,9.00,17.00,55%,45%,24,8,[],[],4 - 2 - 3 - 1,4 - 3 - 3
135,Willem II,Cambuur,2,1,3,5.9,5.7,2.50,3.50,2.75,43%,57%,13,14,[],[],4 - 2 - 3 - 1,4 - 3 - 3
136,Utrecht,G.A. Eagles,0,0,0,6.6,7.0,1.45,4.50,7.00,58%,42%,21,7,[],[],4 - 2 - 3 - 1,5 - 3 - 2
137,Heerenveen,Sparta Rotterdam,0,0,0,7.1,7.0,2.10,3.40,3.40,58%,42%,11,10,[],[],4 - 3 - 3,4 - 3 - 3
138,Zwolle,Sittard,2,0,1,7.2,6.4,2.05,3.50,3.50,69%,31%,13,13,[],[],3 - 4 - 1 - 2,5 - 3 - 2
139,Twente,Waalwijk,1,2,1,6.8,6.7,1.66,3.80,5.25,46%,54%,19,12,[],[],4 - 3 - 3,3 - 4 - 1 - 2
140,Vitesse,Heracles,1,2,1,6.8,7.0,1.65,4.00,5.00,52%,48%,10,9,[],[],3 - 5 - 2,4 - 3 - 3
141,Groningen,Feyenoord,0,1,1,7.6,6.7,7.00,4.33,1.45,34%,66%,5,27,[],[],4 - 3 - 1 - 2,4 - 2 - 3 - 1
142,Ajax,AZ Alkmaar,2,1,2,6.0,6.2,1.33,5.75,8.00,66%,34%,23,5,[],[],4 - 2 - 3 - 1,4 - 3 - 3
143,Nijmegen,PSV,2,1,2,7.5,6.3,11.00,5.75,1.28,30%,70%,6,29,[],[],3 - 4 - 2 - 1,4 - 2 - 3 - 1
144,Sittard,Utrecht,0,2,2,6.9,7.0,5.25,3.80,1.65,49%,51%,8,16,[],[],5 - 3 - 2,4 - 2 - 3 - 1
145,Sparta Rotterdam,Vitesse,0,2,2,5.5,6.9,2.55,3.25,2.80,58%,42%,15,5,[],[],5 - 3 - 2,3 - 5 - 2
146,Heracles,Groningen,1,4,2,6.1,7.7,2.37,3.30,3.10,54%,46%,13,5,[],[],4 - 3 - 3,4 - 2 - 3 - 1
147,AZ Alkmaar,Willem II,1,4,1,7.3,6.7,1.25,6.50,11.00,72%,28%,13,10,[],[],4 - 3 - 3,4 - 2 - 3 - 1
148,Zwolle,Twente,2,1,3,5.5,6.0,3.10,3.30,2.30,57%,43%,13,7,[],[],3 - 5 - 2,4 - 2 - 3 - 1
149,Cambuur,Heerenveen,2,1,2,6.7,3.4,2.40,3.60,2.70,39%,61%,7,23,[],[],4 - 3 - 3,4 - 3 - 3
150,G.A. Eagles,Nijmegen,2,0,2,6.3,6.1,2.30,3.40,3.10,62%,38%,14,10,[],[],3 - 4 - 3,3 - 4 - 2 - 1
151,Feyenoord,Ajax,2,0,2,5.5,6.4,4.00,3.80,1.83,45%,55%,11,8,[],[],4 - 2 - 3 - 1,4 - 2 - 3 - 1
152,Waalwijk,PSV,2,1,4,7.1,6.3,12.00,6.50,1.22,37%,63%,7,25,[],[],5 - 4 - 1,4 - 3 - 3
153,Vitesse,Zwolle,1,1,0,8.2,8.2,1.55,4.00,6.00,48%,52%,14,15,[],[],3 - 5 - 2,3 - 5 - 2
154,AZ Alkmaar,Groningen,1,1,0,7.3,7.4,1.36,5.00,9.00,83%,17%,15,12,[],[],4 - 3 - 3,4 - 2 - 3 - 1
155,Willem II,Nijmegen,2,0,1,7.1,6.5,2.50,3.30,2.87,56%,44%,13,13,[],[],4 - 2 - 3 - 1,3 - 4 - 3
156,Heerenveen,Feyenoord,2,0,3,7.2,6.9,9.50,4.75,1.33,47%,53%,7,23,[],[],4 - 3 - 3,4 - 2 - 3 - 1
157,Heracles,Cambuur,0,1,1,7.0,6.9,1.80,4.00,4.00,49%,51%,23,8,[],[],4 - 3 - 3,4 - 3 - 3
158,Utrecht,Twente,0,1,1,6.4,6.9,1.90,3.50,4.20,63%,37%,14,4,[],[],4 - 2 - 3 - 1,4 - 2 - 3 - 1
159,Ajax,Sittard,1,5,0,6.6,7.9,1.02,17.00,34.00,66%,34%,27,6,[],[],4 - 2 - 3 - 1,5 - 3 - 2
160,PSV,G.A. Eagles,1,2,0,6.8,7.7,1.14,8.00,17.00,59%,41%,21,3,[],[],4 - 2 - 3 - 1,3 - 5 - 2
161,Sparta Rotterdam,Waalwijk,0,1,1,6.6,6.7,1.66,3.80,5.25,54%,46%,18,5,[],[],5 - 3 - 2,5 - 3 - 2
162,Zwolle,Willem II,1,2,0,6.4,7.9,2.40,3.20,3.00,48%,52%,15,7,[],[],3 - 4 - 1 - 2,4 - 2 - 3 - 1
163,Nijmegen,Heracles,0,0,0,7.0,7.4,2.50,3.25,2.80,48%,52%,13,12,[],[],3 - 4 - 3,4 - 3 - 3
164,Twente,Heerenveen,1,2,0,7.4,7.0,1.85,3.75,4.00,56%,44%,16,8,[],[],4 - 2 - 3 - 1,4 - 3 - 3
165,Feyenoord,Vitesse,2,0,1,6.4,7.0,1.40,5.00,7.00,58%,42%,18,15,[],[],4 - 2 - 3 - 1,3 - 4 - 1 - 2
166,G.A. Eagles,Waalwijk,2,0,2,5.3,6.3,1.95,3.60,3.75,60%,40%,9,10,[],[],3 - 4 - 3,3 - 4 - 2 - 1
167,Utrecht,Ajax,2,0,3,5.3,6.2,7.00,5.50,1.40,31%,69%,10,8,[],[],4 - 3 - 3,4 - 3 - 3
168,Groningen,PSV,2,0,1,6.0,6.4,7.50,4.75,1.40,47%,53%,6,10,[],[],4 - 2 - 3 - 1,4 - 3 - 3
169,Cambuur,Sparta Rotterdam,0,1,1,7.6,6.9,2.90,3.50,2.37,54%,46%,12,12,[],[],4 - 3 - 3,3 - 5 - 2
170,Sittard,AZ Alkmaar,2,1,2,6.3,6.6,6.00,4.50,1.50,40%,60%,15,10,[],[],5 - 3 - 2,4 - 2 - 3 - 1
171,Vitesse,Groningen,2,1,3,6.2,6.5,2.00,3.30,3.60,45%,55%,7,11,[],[],3 - 4 - 1 - 2,5 - 4 - 1
172,Heerenveen,Zwolle,2,0,1,7.2,6.3,2.45,3.30,2.87,53%,47%,14,10,[],[],4 - 3 - 3,3 - 4 - 1 - 2
173,AZ Alkmaar,Cambuur,0,0,0,6.9,8.2,1.33,5.50,7.50,64%,36%,18,5,[],[],4 - 2 - 3 - 1,4 - 3 - 3
174,Willem II,Twente,2,0,1,6.2,6.6,3.30,3.20,2.30,42%,58%,6,7,[],[],4 - 2 - 3 - 1,4 - 2 - 3 - 1
175,Nijmegen,Feyenoord,2,1,4,6.7,6.1,10.00,6.00,1.28,41%,59%,6,28,[],[],5 - 3 - 2,4 - 2 - 3 - 1
176,PSV,Ajax,2,1,2,6.5,6.3,3.80,3.80,1.90,43%,57%,10,15,[],[],4 - 3 - 1 - 2,4 - 3 - 3
177,Heracles,G.A. Eagles,0,1,1,6.4,6.6,1.75,3.40,5.00,43%,57%,20,11,[],[],4 - 3 - 3,4 - 3 - 3
178,Sparta Rotterdam,Utrecht,2,0,3,6.4,5.9,3.50,3.50,2.10,56%,44%,9,13,[],[],3 - 5 - 2,4 - 3 - 3
179,Waalwijk,Sittard,1,2,1,6.9,7.0,2.30,3.40,3.00,34%,66%,14,13,[],[],3 - 4 - 1 - 2,5 - 3 - 2
180,Utrecht,Cambuur,1,3,2,6.6,7.0,1.36,5.50,7.50,51%,49%,13,8,[],[],4 - 3 - 3,4 - 3 - 3
181,Sittard,Heerenveen,1,2,0,7.5,7.2,2.20,3.60,3.10,37%,63%,6,15,[],[],3 - 4 - 1 - 2,4 - 3 - 3
182,Zwolle,Nijmegen,0,1,1,6.9,6.7,1.90,3.80,3.75,42%,58%,13,12,[],[],5 - 3 - 2,3 - 4 - 1 - 2
183,PSV,AZ Alkmaar,2,1,2,5.3,7.0,2.00,3.60,3.75,52%,48%,15,12,[],[],4 - 3 - 1 - 2,4 - 2 - 3 - 1
184,Twente,Vitesse,1,3,0,7.0,6.8,2.70,3.20,2.75,61%,39%,17,8,[],[],4 - 2 - 3 - 1,3 - 4 - 2 - 1
185,Feyenoord,Sparta Rotterdam,1,4,0,6.6,6.9,1.22,6.50,11.00,69%,31%,16,5,[],[],4 - 2 - 3 - 1,5 - 3 - 2
186,Willem II,Waalwijk,1,3,1,7.4,7.0,2.30,3.40,3.10,49%,51%,6,13,[],[],4 - 2 - 3 - 1,3 - 4 - 1 - 2
187,Groningen,G.A. Eagles,1,2,1,7.3,7.5,1.95,3.40,3.80,49%,51%,17,13,[],[],4 - 4 - 2,4 - 2 - 3 - 1
188,Ajax,Heracles,1,3,0,6.6,8.3,1.14,9.00,17.00,71%,29%,25,5,[],[],4 - 3 - 3,4 - 2 - 3 - 1
189,Heracles,Utrecht,1,1,0,7.8,7.2,2.70,3.40,2.62,51%,49%,14,17,[],[],4 - 2 - 3 - 1,4 - 2 - 2 - 2
190,Groningen,Sittard,2,0,1,6.7,6.3,1.80,3.40,4.75,63%,37%,18,8,[],[],4 - 2 - 3 - 1,3 - 4 - 1 - 2
191,Cambuur,Zwolle,2,3,4,6.2,5.8,2.45,3.50,2.70,58%,42%,11,12,[],[],4 - 3 - 3,3 - 5 - 2
192,Vitesse,PSV,2,0,5,6.2,5.9,5.50,4.00,1.65,54%,46%,18,18,[],[],3 - 4 - 3,4 - 2 - 3 - 1
193,Sparta Rotterdam,Willem II,1,1,0,6.5,7.0,1.95,3.50,4.00,48%,52%,14,5,[],[],4 - 4 - 2,4 - 3 - 3
194,G.A. Eagles,AZ Alkmaar,2,1,4,6.3,5.9,6.50,3.80,1.55,49%,51%,9,16,[],[],4 - 2 - 3 - 1,4 - 2 - 3 - 1
195,Waalwijk,Feyenoord,2,0,2,6.0,7.1,9.50,5.75,1.30,37%,63%,11,16,[],[],5 - 3 - 2,4 - 2 - 3 - 1
196,Heerenveen,Nijmegen,2,0,1,6.1,6.9,2.15,3.60,3.25,52%,48%,14,6,[],[],4 - 2 - 3 - 1,3 - 4 - 1 - 2
197,Ajax,Twente,1,5,0,6.8,7.1,1.16,8.00,15.00,67%,33%,23,3,[],[],4 - 3 - 3,4 - 2 - 3 - 1
198,Nijmegen,Waalwijk,0,1,1,6.2,7.8,2.10,3.50,3.50,73%,27%,24,12,[],[],3 - 4 - 1 - 2,5 - 3 - 2
199,Willem II,Ajax,2,0,1,6.8,6.4,17.00,8.50,1.14,27%,73%,6,31,[],[],4 - 3 - 3,4 - 3 - 3
200,AZ Alkmaar,Heracles,1,2,1,6.1,8.2,1.36,5.25,8.50,65%,35%,13,3,[],[],4 - 2 - 3 - 1,5 - 4 - 1
201,Zwolle,Groningen,0,1,1,7.0,6.7,2.25,3.25,3.25,55%,45%,10,11,[],[],3 - 5 - 2,4 - 2 - 3 - 1
202,Twente,G.A. Eagles,0,2,2,6.7,6.3,1.66,3.75,5.50,68%,32%,25,9,[],[],4 - 2 - 3 - 1,4 - 4 - 2
203,Feyenoord,Cambuur,1,3,1,6.3,6.9,1.12,8.50,19.00,57%,43%,19,6,[],[],4 - 2 - 3 - 1,4 - 3 - 3
204,Utrecht,Vitesse,0,1,1,6.1,6.8,1.72,3.75,5.00,44%,56%,8,19,[],[],4 - 2 - 3 - 1,3 - 1 - 4 - 2
205,PSV,Heerenveen,1,3,1,7.1,7.9,1.14,7.50,15.00,60%,40%,13,9,[],[],4 - 2 - 3 - 1,4 - 2 - 3 - 1
206,Waalwijk,Twente,2,1,2,6.0,6.9,3.10,3.60,2.20,47%,53%,15,18,[],[],5 - 3 - 2,4 - 2 - 3 - 1
207,Heracles,Zwolle,1,2,0,7.1,7.2,2.25,3.40,3.20,43%,57%,22,12,[],[],4 - 2 - 3 - 1,3 - 5 - 2
208,Groningen,Willem II,1,1,0,6.6,7.5,1.85,3.40,4.50,58%,42%,17,9,[],[],4 - 2 - 3 - 1,4 - 2 - 3 - 1
209,Cambuur,Sittard,1,2,1,6.9,7.8,1.90,3.75,3.80,60%,40%,16,9,[],[],4 - 3 - 3,3 - 4 - 1 - 2
210,Vitesse,Nijmegen,1,4,1,6.6,9.3,1.83,3.60,4.33,62%,38%,20,8,[],[],3 - 1 - 4 - 2,3 - 4 - 2 - 1
211,AZ Alkmaar,Feyenoord,1,2,1,7.0,7.3,2.62,3.50,2.60,36%,64%,9,13,[],[],4 - 4 - 2,4 - 2 - 3 - 1
212,Sparta Rotterdam,PSV,2,1,2,7.2,6.5,7.00,4.20,1.50,34%,66%,12,21,[],[],4 - 4 - 2,4 - 3 - 3
213,G.A. Eagles,Ajax,1,2,1,7.1,6.8,15.00,7.00,1.18,29%,71%,7,20,[],[],4 - 4 - 2,4 - 3 - 3
214,Heerenveen,Utrecht,2,1,2,7.0,6.5,3.50,3.60,2.10,52%,48%,10,11,[],[],4 - 2 - 3 - 1,4 - 2 - 3 - 1
215,Willem II,Heerenveen,0,0,0,7.3,7.2,2.62,3.30,2.60,66%,34%,15,10,[],[],4 - 2 - 3 - 1,4 - 2 - 3 - 1
216,G.A. Eagles,Utrecht,0,1,1,7.7,7.2,4.00,4.00,1.80,46%,54%,9,19,[],[],4 - 4 - 2,4 - 2 - 3 - 1
217,Feyenoord,Groningen,0,1,1,6.7,7.2,1.20,6.50,15.00,63%,37%,23,6,[],[],4 - 2 - 3 - 1,3 - 4 - 3
218,PSV,Heracles,1,3,1,6.2,7.3,1.20,8.00,10.00,68%,32%,25,5,[],[],4 - 2 - 3 - 1,4 - 3 - 3
219,Twente,Cambuur,1,1,0,6.4,6.9,1.45,4.75,6.00,52%,48%,21,5,[],[],4 - 2 - 3 - 1,4 - 3 - 3
220,Nijmegen,AZ Alkmaar,2,1,3,6.2,6.6,6.50,4.00,1.55,50%,50%,13,10,[],[],4 - 3 - 3,4 - 4 - 2
221,Ajax,Waalwijk,1,3,2,6.3,7.0,1.03,17.00,41.00,73%,27%,39,6,[],[],4 - 2 - 3 - 1,5 - 3 - 2
222,Sittard,Zwolle,2,0,1,6.5,6.9,2.70,3.50,2.55,47%,53%,17,20,[],[],3 - 4 - 1 - 2,3 - 5 - 2
223,Cambuur,Ajax,2,2,3,7.1,6.4,17.00,10.00,1.12,28%,72%,6,25,[],[],5 - 3 - 2,4 - 2 - 3 - 1
224,Sparta Rotterdam,G.A. Eagles,1,1,0,7.0,7.8,1.95,3.40,4.33,52%,48%,12,8,[],[],4 - 4 - 2,5 - 3 - 2
225,Groningen,Nijmegen,1,4,3,6.7,6.9,1.95,3.60,3.80,59%,41%,20,18,[],[],3 - 4 - 2 - 1,3 - 4 - 1 - 2
226,Waalwijk,Heerenveen,0,0,0,6.9,6.6,2.40,3.40,2.87,52%,48%,6,17,[],[],5 - 3 - 2,3 - 4 - 1 - 2
227,Sittard,Willem II,1,1,0,6.7,8.0,2.20,3.30,3.40,46%,54%,15,12,[],[],4 - 3 - 2 - 1,4 - 2 - 3 - 1
228,Utrecht,PSV,2,0,1,6.5,6.6,4.50,4.00,1.70,41%,59%,6,20,[],[],4 - 2 - 3 - 1,4 - 2 - 3 - 1
229,Heracles,Vitesse,0,0,0,6.8,7.0,2.00,3.50,3.75,50%,50%,11,10,[],[],4 - 4 - 2,3 - 4 - 2 - 1
230,Zwolle,Feyenoord,2,1,2,6.7,6.9,7.00,4.20,1.50,44%,56%,7,16,[],[],3 - 5 - 2,4 - 2 - 3 - 1
231,AZ Alkmaar,Twente,2,0,1,6.4,6.5,1.85,3.40,4.50,56%,44%,7,7,[],[],4 - 4 - 1 - 1,4 - 2 - 3 - 1
232,Heerenveen,Heracles,1,2,0,7.0,7.2,2.20,3.30,3.30,48%,52%,14,7,[],[],3 - 4 - 1 - 2,4 - 4 - 2
233,G.A. Eagles,Cambuur,1,3,0,6.7,6.9,1.90,3.60,3.75,42%,58%,14,1,[],[],4 - 2 - 3 - 1,4 - 1 - 4 - 1
234,Twente,Zwolle,1,1,0,7.5,7.4,1.57,4.00,6.00,50%,50%,18,9,[],[],4 - 2 - 3 - 1,3 - 5 - 1 - 1
235,Nijmegen,Sparta Rotterdam,0,0,0,6.3,7.6,2.45,3.30,2.90,70%,30%,18,3,[],[],4 - 2 - 3 - 1,4 - 4 - 2
236,Utrecht,Groningen,2,1,3,5.1,6.2,1.85,3.60,4.33,59%,41%,19,9,[],[],4 - 2 - 3 - 1,4 - 2 - 3 - 1
237,Ajax,Feyenoord,1,3,2,6.7,7.4,1.40,5.00,7.50,66%,34%,17,14,[],[],4 - 2 - 3 - 1,4 - 2 - 3 - 1
238,Vitesse,Waalwijk,2,1,2,6.1,6.5,1.53,4.33,5.75,62%,38%,25,9,[],[],4 - 2 - 2 - 2,3 - 4 - 3
239,PSV,Sittard,1,5,0,6.3,8.1,1.12,8.50,19.00,66%,34%,24,6,[],[],4 - 2 - 3 - 1,4 - 3 - 2 - 1
240,Willem II,AZ Alkmaar,0,2,2,6.5,6.8,5.50,4.00,1.61,25%,75%,5,22,[],[],4 - 3 - 3,4 - 2 - 3 - 1
241,Groningen,Ajax,2,1,3,6.1,5.1,11.00,5.25,1.30,45%,55%,8,16,[],[],4 - 2 - 3 - 1,4 - 2 - 3 - 1
242,Twente,PSV,0,3,3,6.6,7.4,3.50,3.60,2.10,34%,66%,13,16,[],[],4 - 2 - 3 - 1,4 - 2 - 3 - 1
243,Waalwijk,Utrecht,0,1,1,7.2,7.4,3.80,3.60,1.90,48%,52%,5,11,[],[],3 - 4 - 1 - 2,4 - 3 - 3
244,AZ Alkmaar,Vitesse,1,3,1,7.3,6.5,1.66,3.80,5.00,47%,53%,9,15,[],[],4 - 2 - 3 - 1,3 - 5 - 2
245,Feyenoord,Willem II,1,2,0,6.4,7.6,1.14,8.00,17.00,69%,31%,30,3,[],[],4 - 2 - 3 - 1,4 - 3 - 3
246,Zwolle,G.A. Eagles,2,0,1,6.7,7.2,1.90,3.60,3.80,57%,43%,13,14,[],[],3 - 4 - 1 - 2,4 - 2 - 3 - 1
247,Sparta Rotterdam,Heerenveen,0,1,1,6.7,6.5,2.20,3.50,3.20,50%,50%,7,7,[],[],4 - 4 - 2,3 - 4 - 1 - 2
248,Sittard,Heracles,2,0,2,5.6,6.5,2.05,3.30,3.75,53%,47%,10,11,[],[],4 - 1 - 4 - 1,4 - 4 - 2
249,Cambuur,Nijmegen,2,1,2,6.6,5.9,2.45,3.50,2.80,52%,48%,15,9,[],[],4 - 3 - 3,3 - 4 - 1 - 2
250,G.A. Eagles,Willem II,1,4,0,8.1,7.6,2.10,3.25,3.75,55%,45%,18,10,[],[],4 - 2 - 3 - 1,4 - 3 - 3
251,Utrecht,Sittard,0,1,1,8.4,7.0,1.40,5.25,6.50,50%,50%,18,16,[],[],4 - 1 - 4 - 1,4 - 2 - 3 - 1
252,Ajax,Sparta Rotterdam,1,2,1,6.3,7.6,1.12,9.00,19.00,70%,30%,18,11,[],[],4 - 3 - 3,5 - 4 - 1
253,Nijmegen,Twente,2,0,2,6.0,6.7,3.50,3.40,2.10,45%,55%,8,12,[],[],4 - 2 - 3 - 1,4 - 2 - 3 - 1
254,Heerenveen,Groningen,1,3,1,6.9,7.9,2.25,3.40,3.25,40%,60%,11,10,[],[],3 - 5 - 2,4 - 2 - 3 - 1
255,Vitesse,Cambuur,1,1,0,6.3,7.7,1.40,4.50,7.50,60%,40%,31,4,[],[],3 - 5 - 2,4 - 3 - 3
256,PSV,Waalwijk,1,2,0,7.2,7.8,1.16,7.50,17.00,62%,38%,18,10,[],[],4 - 2 - 3 - 1,5 - 3 - 2
257,Heracles,Feyenoord,2,1,4,5.4,6.0,7.50,5.25,1.33,36%,64%,19,23,[],[],4 - 4 - 2,4 - 2 - 3 - 1
258,Zwolle,AZ Alkmaar,1,2,1,7.3,6.8,4.75,3.60,1.75,41%,59%,13,14,[],[],3 - 4 - 2 - 1,4 - 2 - 3 - 1
259,Sittard,Sparta Rotterdam,1,3,0,6.8,7.1,2.87,3.20,2.60,45%,55%,12,7,[],[],4 - 2 - 3 - 1,4 - 4 - 2
260,Vitesse,Sparta Rotterdam,2,0,1,5.9,6.6,1.70,3.60,5.00,72%,28%,16,7,[],[],3 - 1 - 4 - 2,4 - 4 - 2
261,Twente,Sparta Rotterdam,1,2,0,6.5,7.1,1.53,4.00,7.00,67%,33%,19,5,[],[],4 - 2 - 3 - 1,5 - 4 - 1
262,Nijmegen,Ajax,2,0,1,7.4,7.0,13.00,7.00,1.20,33%,67%,8,17,[],[],5 - 3 - 2,4 - 3 - 3
263,AZ Alkmaar,Heerenveen,1,2,1,7.0,7.1,1.40,4.50,9.00,58%,42%,24,12,[],[],4 - 2 - 3 - 1,3 - 5 - 2
264,Waalwijk,Zwolle,2,0,2,6.0,6.3,2.87,3.25,2.60,51%,49%,13,10,[],[],3 - 4 - 1 - 2,3 - 4 - 3
265,Cambuur,PSV,2,1,2,7.1,6.7,12.00,6.00,1.25,41%,59%,6,24,[],[],4 - 3 - 3,4 - 2 - 3 - 1
266,Willem II,Vitesse,1,1,0,7.1,7.4,3.10,3.40,2.30,36%,64%,8,12,[],[],4 - 2 - 3 - 1,3 - 1 - 4 - 2
267,Groningen,Heracles,2,0,1,6.8,6.4,1.85,3.40,4.50,64%,36%,7,9,[],[],4 - 2 - 3 - 1,3 - 5 - 2
268,Feyenoord,Utrecht,1,2,1,6.1,7.1,1.40,5.50,6.50,66%,34%,16,4,[],[],4 - 2 - 3 - 1,4 - 1 - 2 - 1 - 2
269,Sittard,G.A. Eagles,1,1,0,6.8,8.0,2.40,3.25,3.10,39%,61%,14,5,[],[],4 - 2 - 3 - 1,4 - 4 - 2
270,Utrecht,Nijmegen,1,1,0,7.4,7.4,1.65,4.00,5.00,47%,53%,21,11,[],[],4 - 3 - 3,4 - 2 - 3 - 1
271,Ajax,Zwolle,1,3,0,6.8,7.8,1.18,8.00,12.00,63%,37%,20,10,[],[],4 - 1 - 2 - 1 - 2,3 - 4 - 3
272,Heracles,Twente,0,1,1,7.5,7.2,3.50,3.30,2.15,34%,66%,7,17,[],[],4 - 4 - 2,4 - 2 - 3 - 1
273,Sparta Rotterdam,AZ Alkmaar,0,1,1,7.5,7.7,5.50,3.60,1.70,45%,55%,13,18,[],[],4 - 1 - 4 - 1,4 - 2 - 3 - 1
274,Heerenveen,Cambuur,0,3,3,5.5,6.7,1.90,3.75,3.75,44%,56%,22,8,[],[],3 - 5 - 2,4 - 3 - 3
275,PSV,Willem II,1,4,2,6.1,8.1,1.12,8.00,19.00,56%,44%,12,8,[],[],4 - 4 - 2,4 - 2 - 3 - 1
276,G.A. Eagles,Vitesse,2,1,2,6.4,6.9,2.80,3.30,2.50,50%,50%,14,12,[],[],4 - 4 - 2,3 - 5 - 2
277,Sittard,Feyenoord,2,1,3,7.2,5.7,9.50,5.25,1.30,41%,59%,15,21,[],[],4 - 2 - 3 - 1,4 - 2 - 3 - 1
278,Waalwijk,Groningen,1,3,1,7.1,6.7,2.80,3.40,2.50,40%,60%,11,12,[],[],3 - 4 - 1 - 2,3 - 5 - 2
279,Cambuur,Waalwijk,0,1,1,6.9,6.7,2.15,3.60,3.25,51%,49%,14,20,[],[],4 - 3 - 3,3 - 4 - 1 - 2
280,Twente,Sittard,2,1,2,6.3,6.3,1.40,4.75,8.00,72%,28%,22,9,[],[],4 - 2 - 3 - 1,4 - 2 - 3 - 1
281,Zwolle,Utrecht,0,1,1,7.1,6.9,2.45,3.40,2.80,61%,39%,18,15,[],[],3 - 4 - 3,4 - 3 - 3
282,Willem II,Heracles,1,2,0,7.0,7.6,2.40,3.30,3.10,51%,49%,21,3,[],[],4 - 2 - 3 - 1,4 - 4 - 2
283,Groningen,Sparta Rotterdam,2,1,2,5.4,6.6,1.95,3.40,4.00,65%,35%,17,9,[],[],3 - 4 - 3,4 - 1 - 4 - 1
284,Nijmegen,G.A. Eagles,1,1,0,7.1,7.9,1.95,3.60,3.80,53%,47%,17,8,[],[],4 - 2 - 3 - 1,4 - 4 - 2
285,Vitesse,Heerenveen,2,1,2,6.2,7.1,1.90,3.75,3.75,46%,54%,12,13,[],[],3 - 4 - 3,3 - 5 - 2
286,AZ Alkmaar,Ajax,0,2,2,6.8,7.1,4.75,4.00,1.72,40%,60%,12,13,[],[],4 - 3 - 3,4 - 1 - 2 - 1 - 2
287,Feyenoord,PSV,0,2,2,6.7,7.5,2.05,3.80,3.10,51%,49%,20,16,[],[],4 - 2 - 3 - 1,4 - 2 - 3 - 1
288,De Graafschap,Eindhoven FC,0,1,1,6.4,7.8,2.05,3.40,3.60,55%,45%,16,8,[],[],4 - 2 - 3 - 1,3 - 4 - 2 - 1
289,NAC Breda,Den Haag,2,1,2,6.4,6.6,2.20,3.30,3.30,52%,48%,13,9,[],[],4 - 5 - 1,4 - 2 - 3 - 1
290,Excelsior,Roda,0,2,2,7.2,7.3,2.30,3.80,2.75,46%,54%,17,13,[],[],4 - 4 - 2,3 - 5 - 2
291,Waalwijk,Heracles,1,2,0,6.7,7.4,2.15,3.20,3.60,50%,50%,15,9,[],[],3 - 4 - 1 - 2,5 - 3 - 2
292,Utrecht,AZ Alkmaar,0,2,2,6.4,6.7,3.00,3.75,2.20,56%,44%,13,9,[],[],4 - 3 - 3,4 - 4 - 2
293,Twente,Groningen,1,3,0,7.4,7.5,1.50,4.33,7.00,52%,48%,20,9,[],[],4 - 2 - 3 - 1,3 - 4 - 3
294,Sparta Rotterdam,Zwolle,1,2,0,7.2,7.4,2.45,3.25,3.00,32%,68%,6,22,[],[],4 - 1 - 4 - 1,3 - 4 - 3
295,Sittard,Vitesse,2,1,2,6.5,6.1,3.00,3.50,2.37,45%,55%,9,15,[],[],3 - 4 - 1 - 2,3 - 5 - 2
296,PSV,Nijmegen,1,3,2,7.3,7.4,1.16,8.00,15.00,64%,36%,13,12,[],[],4 - 2 - 3 - 1,4 - 2 - 3 - 1
297,G.A. Eagles,Feyenoord,2,0,1,6.7,6.5,5.25,4.20,1.57,51%,49%,12,11,[],[],4 - 4 - 2,4 - 2 - 3 - 1
298,Cambuur,Willem II,0,1,1,6.6,7.0,2.87,3.60,2.30,46%,54%,6,13,[],[],4 - 3 - 3,4 - 2 - 3 - 1
299,Ajax,Heerenveen,1,5,0,7.0,7.2,1.14,9.00,15.00,58%,42%,18,5,[],[],4 - 3 - 1 - 2,3 - 5 - 2
300,Eindhoven FC,De Graafschap,1,3,1,8.5,7.2,3.00,3.30,2.45,38%,62%,9,22,[],[],3 - 4 - 3,4 - 1 - 4 - 1
301,Den Haag,NAC Breda,1,2,1,7.2,7.2,2.15,3.60,3.25,46%,54%,6,13,[],[],4 - 2 - 3 - 1,4 - 2 - 3 - 1
302,Roda,Excelsior,2,0,2,7.5,7.1,1.90,3.80,3.75,51%,49%,22,15,[],[],4 - 4 - 2,4 - 4 - 2
303,Zwolle,PSV,2,1,2,7.8,7.2,7.50,5.00,1.36,55%,45%,21,21,[],[],3 - 5 - 2,4 - 2 - 3 - 1
304,Willem II,Utrecht,1,3,0,7.2,7.9,2.15,3.80,3.00,44%,56%,18,8,[],[],4 - 2 - 3 - 1,4 - 3 - 3
305,Vitesse,Ajax,0,2,2,6.4,6.8,4.75,4.50,1.65,38%,62%,12,14,[],[],3 - 5 - 2,4 - 3 - 1 - 2
306,Nijmegen,Sittard,2,0,1,6.2,7.2,1.95,3.75,3.50,69%,31%,30,8,[],[],4 - 2 - 3 - 1,4 - 2 - 3 - 1
307,Heracles,Sparta Rotterdam,2,1,3,5.5,6.5,2.37,3.10,3.30,67%,33%,28,7,[],[],4 - 3 - 3,4 - 1 - 4 - 1
308,Heerenveen,G.A. Eagles,1,3,1,6.4,7.6,1.70,4.00,4.50,54%,46%,13,4,[],[],3 - 5 - 2,4 - 4 - 2
309,Groningen,Cambuur,2,2,3,5.6,6.6,1.61,4.20,5.50,52%,48%,20,13,[],[],4 - 3 - 3,4 - 3 - 3
310,Feyenoord,Twente,2,1,2,5.5,6.0,1.45,4.75,6.50,57%,43%,11,9,[],[],4 - 3 - 3,4 - 2 - 3 - 1
311,AZ Alkmaar,Waalwijk,2,1,3,5.9,7.7,1.20,7.00,13.00,66%,34%,14,9,[],[],4 - 3 - 3,4 - 1 - 2 - 1 - 2
312,Den Haag,Eindhoven FC,1,2,1,7.6,7.1,2.70,3.40,2.70,51%,49%,11,18,[],[],4 - 2 - 3 - 1,3 - 4 - 2 - 1
313,Excelsior,Heracles,1,3,0,7.3,7.5,2.55,3.60,2.60,51%,49%,15,10,[],[],4 - 4 - 2,4 - 3 - 3
314,Heerenveen,AZ Alkmaar,1,3,2,6.3,6.1,3.00,3.20,2.45,46%,54%,12,12,[],[],5 - 3 - 2,4 - 2 - 3 - 1
315,Utrecht,Vitesse,1,3,1,6.1,7.1,2.00,3.75,3.50,34%,66%,11,12,[],[],4 - 3 - 1 - 2,5 - 3 - 2
316,Eindhoven FC,Den Haag,2,1,2,5.7,7.4,1.85,3.75,4.00,54%,46%,15,7,[],[],3 - 4 - 2 - 1,4 - 2 - 3 - 1
317,Heracles,Excelsior,2,1,3,6.0,7.0,1.75,4.00,4.20,60%,40%,15,13,[],[],4 - 2 - 3 - 1,4 - 4 - 2
318,AZ Alkmaar,Heerenveen,1,2,0,6.7,7.6,1.61,4.20,5.25,64%,36%,14,10,[],[],4 - 2 - 3 - 1,3 - 5 - 2
319,Vitesse,Utrecht,1,3,0,7.8,7.7,2.00,3.80,3.50,59%,41%,17,18,[],[],4 - 3 - 1 - 2,4 - 3 - 1 - 2
320,Excelsior,Den Haag,0,1,1,6.5,7.4,1.72,4.00,4.33,44%,56%,14,11,[],[],4 - 4 - 2,4 - 2 - 3 - 1
321,Vitesse,AZ Alkmaar,1,2,1,6.9,6.6,2.80,3.20,2.60,37%,63%,6,12,[],[],4 - 3 - 1 - 2,4 - 3 - 3
322,AZ Alkmaar,Vitesse,1,6,1,7.3,7.0,1.65,4.00,5.00,53%,47%,21,14,[],[],4 - 3 - 3,5 - 3 - 2
323,Den Haag,Excelsior,2,4,5,7.4,5.5,2.37,3.75,2.75,48%,52%,19,20,[],[],4 - 2 - 3 - 1,4 - 4 - 2
